{
  "common_js_version": "v2",
  "current": "custom",
  "presets": {
    "custom": {
      "font_family_primary": "google:Ubuntu",
      "font_size_primary": "14px",
      "telephone_number": "+7 (000) 000 00 00",
      "time": "с 9 до 21 (Москва)",
      "yandex_market_title": "Спасибо нашим покупателям за доверие!",
      "yandex_market_text": "Смотрите еще больше отзывов по тегу #спасибоРумиком",
      "footer_big_copyright": "Любое использование либо копирование материалов или подборки материалов сайта, <br /> элементов дизайна и оформления может осуществляться лишь с разрешения автора<br /> (правообладателя) и только при наличии ссылки на https://ru-mi.com",
      "footer_small_copyright": "Copyright © 2013–2019 ru-mi.com<br /> Все права защищены. ",
      "logotype_type": "image",
      "product_not_available": "preorder",
      "collection_size": "12",
      "_settings_version": 1550014097.9443173
    }
  },
  "remote_theme_id": 418,
  "source_account_id": null,
  "theme_title": "Прайм",
  "vue_ui_version": "v1"
}