{
  "common_js_version": "v2",
  "current": "custom",
  "presets": {
    "custom": {
      "font_family_primary": "google:Ubuntu",
      "font_size_primary": "14px",
      "telephone_number": "+7 (000) 000 00 00",
      "time": "с 9 до 21 (Москва)",
      "yandex_market_title": "Спасибо нашим покупателям за доверие!",
      "yandex_market_text": "Смотрите еще больше отзывов по тегу #спасибоРумиком",
      "logotype_type": "image",
      "product_not_available": "preorder",
      "collection_size": "12",
      "_settings_version": 1549798383.646348
    }
  },
  "remote_theme_id": 418,
  "source_account_id": null,
  "theme_title": "Прайм",
  "vue_ui_version": "v1"
}